Feature,Importance
Year,8.037404700649647
Country,5.0615646346070635
Commodity,45.370123982281044
Quantity,41.53090668246203
